L_x,L_y,B_j,XnE_j,Lane ID
25.3176985,55.488839,3715,625,L1
25.298846,55.454846,3715,625,L2
25.298403,55.438383,3715,625,L3
25.286199,55.427122,3715,500,L4
25.29776,55.396421,3715,750,L5
25.302893,55.368077,3715,750,L6
25.308337,55.379392,3715,625,L7
25.313433,55.415176,3715,625,L8
25.327663,55.39442,3715,625,L9
25.347462,55.442735,3715,625,L10
